0,75,traj_iteration,strict,RK45,5,2,7,9.637344315648079,41.25084104761481,0.014968766764769777,0.0061180368088715785
0,75,traj_iteration,strict,RK45,5,1,9,11.993990693241358,41.25084104761481,0.012227879323447327,0.006134014565681238
0,75,traj_iteration,strict,RK45,5,0.5,11,14.213953018188477,41.25084104761481,0.011775083046611708,0.006134088575091396
0,75,discrete_step,strict,RK45,5,0.1,0.39791889941203684,1.677648190408945,41.25084104761481,0.054501399371610346,0.010165932756628597
0,75,discrete_step,strict,RK45,5,0.05,0.19895944970601842,1.9151903875172138,41.25084104761481,0.05786471897534187,0.01091465684925788
0,75,discrete_step,strict,RK45,5,0.025,0.09947972485300921,2.857510481029749,41.25084104761481,0.06171978886623942,0.011639477183513209
0,75,traj_iteration,strict,RK45,10,2,9,6.831350952386856,41.25084104761481,0.021610597552668708,0.010278946160267968
0,75,traj_iteration,strict,RK45,10,1,10,7.4691171906888485,41.25084104761481,0.02158523570169595,0.010279115942497318
0,75,traj_iteration,strict,RK45,10,0.5,11,8.103439252823591,41.25084104761481,0.021586591081637258,0.010279128946843208
0,75,discrete_step,strict,RK45,10,0.1,0.39791889941203684,0.9758471585810184,41.25084104761481,0.05519231604343764,0.01153075522344925
0,75,discrete_step,strict,RK45,10,0.05,0.19895944970601842,1.1022558324038982,41.25084104761481,0.059126477480204546,0.01203020483640161
0,75,discrete_step,strict,RK45,10,0.025,0.09947972485300921,1.5752222388982773,41.25084104761481,0.06283078539537304,0.012575131807121002
0,75,traj_iteration,strict,RK45,15,2,9,4.387559097260237,41.25084104761481,0.018783243628164664,0.0070843051853667054
0,75,traj_iteration,strict,RK45,15,1,10,4.810540787875652,41.25084104761481,0.018745581145532972,0.0070842730387088056
0,75,traj_iteration,strict,RK45,15,0.5,11,5.227092869579792,41.25084104761481,0.01873517875601145,0.0070842708713243835
0,75,discrete_step,strict,RK45,15,0.1,0.39791889941203684,0.6382191628217697,41.25084104761481,0.05536545818925081,0.011161903963995901
0,75,discrete_step,strict,RK45,15,0.05,0.19895944970601842,0.7371783703565598,41.25084104761481,0.059420911995143516,0.011774875517836961
0,75,discrete_step,strict,RK45,15,0.025,0.09947972485300921,1.0500887483358383,41.25084104761481,0.06298114347774736,0.012290763719302662
0,75,traj_iteration,strict,BDF,5,2,7,15.74051908403635,1042.7821420319378,0.014946068095385904,0.00612523458088815
0,75,traj_iteration,strict,BDF,5,1,9,19.9476557970047,1042.7821420319378,0.012210938802622206,0.006123916541628807
0,75,traj_iteration,strict,BDF,5,0.5,10,22.12856975570321,1042.7821420319378,0.011867258034825662,0.006123907636082657
0,75,discrete_step,strict,BDF,5,0.1,0.39791889941203684,4.155539952218533,1042.7821420319378,0.054503775177291304,0.010150601309274216
0,75,discrete_step,strict,BDF,5,0.05,0.19895944970601842,5.000560536980629,1042.7821420319378,0.057866122612375774,0.010908272772901653
0,75,discrete_step,strict,BDF,5,0.025,0.09947972485300921,7.000425662845373,1042.7821420319378,0.06171989397279679,0.011640753039296447
0,75,traj_iteration,strict,BDF,10,2,9,12.362671107053757,1042.7821420319378,0.02162421166134169,0.010296806023219774
0,75,traj_iteration,strict,BDF,10,1,10,13.659840617328882,1042.7821420319378,0.021601103773967047,0.010297017556810749
0,75,traj_iteration,strict,BDF,10,0.5,11,14.972533397376537,1042.7821420319378,0.02160474311376072,0.01029703739426903
0,75,discrete_step,strict,BDF,10,0.1,0.39791889941203684,2.321915563195944,1042.7821420319378,0.055195504294565045,0.011496476961649224
0,75,discrete_step,strict,BDF,10,0.05,0.19895944970601842,2.7549928575754166,1042.7821420319378,0.059127385834111174,0.012026430954583282
0,75,discrete_step,strict,BDF,10,0.025,0.09947972485300921,3.733237162232399,1042.7821420319378,0.06283124244524191,0.012574237634909106
0,75,traj_iteration,strict,BDF,15,2,9,8.982827723026276,1042.7821420319378,0.018811847947989804,0.007088214026097335
0,75,traj_iteration,strict,BDF,15,1,10,10.005832571536303,1042.7821420319378,0.018773792992992484,0.007088197137883071
0,75,traj_iteration,strict,BDF,15,0.5,10,10.005834605544806,1042.7821420319378,0.018773792992992484,0.007088197137883071
0,75,discrete_step,strict,BDF,15,0.1,0.39791889941203684,1.5696259215474129,1042.7821420319378,0.05536655513650892,0.011164026977089956
0,75,discrete_step,strict,BDF,15,0.05,0.19895944970601842,1.8396722972393036,1042.7821420319378,0.05942226452591043,0.011775943500893546
0,75,discrete_step,strict,BDF,15,0.025,0.09947972485300921,2.516932975500822,1042.7821420319378,0.06298208391201945,0.012291475038359636
1,58,traj_iteration,strict,RK45,5,2,8,6.1322804018855095,34.453273590654135,0.07046043582201245,0.025712319977863256
1,58,traj_iteration,strict,RK45,5,1,9,6.799874659627676,34.453273590654135,0.07047412466632957,0.025621848077200176
1,58,traj_iteration,strict,RK45,5,0.5,9,6.799876570701599,34.453273590654135,0.07047412466632957,0.025621848077200176
1,58,discrete_step,strict,RK45,5,0.1,0.4073745854287493,1.0592840164899826,34.453273590654135,0.12407498255669895,0.02728710464723327
1,58,discrete_step,strict,RK45,5,0.05,0.20368729271437466,1.320374395698309,34.453273590654135,0.13168994604882608,0.02734691540770063
1,58,discrete_step,strict,RK45,5,0.025,0.10184364635718733,1.8139047846198082,34.453273590654135,0.1386227322779384,0.0273469673983406
1,58,traj_iteration,strict,RK45,10,2,8,2.945245288312435,34.453273590654135,0.08398838963978995,0.025580370662600042
1,58,traj_iteration,strict,RK45,10,1,8,2.9452473670244217,34.453273590654135,0.08398838963978995,0.025580370662600042
1,58,traj_iteration,strict,RK45,10,0.5,9,3.2585471384227276,34.453273590654135,0.08410570943040531,0.025541026204050188
1,58,discrete_step,strict,RK45,10,0.1,0.4073745854287493,0.5321854911744595,34.453273590654135,0.1267333413524281,0.02731740213864481
1,58,discrete_step,strict,RK45,10,0.05,0.20368729271437466,0.6607668288052082,34.453273590654135,0.1347314349795214,0.027346957678522847
1,58,discrete_step,strict,RK45,10,0.025,0.10184364635718733,0.9355514347553253,34.453273590654135,0.14091041468474702,0.027346967398668494
1,58,traj_iteration,strict,RK45,15,2,7,2.2806381955742836,34.453273590654135,0.05622978159535432,0.01672617345186385
1,58,traj_iteration,strict,RK45,15,1,8,2.5766142830252647,34.453273590654135,0.05622994234780741,0.016690846331517524
1,58,traj_iteration,strict,RK45,15,0.5,8,2.5766168162226677,34.453273590654135,0.05622994234780741,0.016690846331517524
1,58,discrete_step,strict,RK45,15,0.1,0.4073745854287493,0.49633388593792915,34.453273590654135,0.12744054607814895,0.027332824253613795
1,58,discrete_step,strict,RK45,15,0.05,0.20368729271437466,0.604915626347065,34.453273590654135,0.13547066769336394,0.0273469652191827
1,58,discrete_step,strict,RK45,15,0.025,0.10184364635718733,0.876482006162405,34.453273590654135,0.14114891537049354,0.027346967398682233
1,58,traj_iteration,strict,BDF,5,2,8,10.670060366392136,379.65679812058806,0.07043724597137728,0.02571227613979867
1,58,traj_iteration,strict,BDF,5,1,9,11.799980018287897,379.65679812058806,0.07046438628518342,0.02562143521127147
1,58,traj_iteration,strict,BDF,5,0.5,9,11.79998230561614,379.65679812058806,0.07046438628518342,0.02562143521127147
1,58,discrete_step,strict,BDF,5,0.1,0.4073745854287493,2.5659075789153576,379.65679812058806,0.1240508014606947,0.027285513222622505
1,58,discrete_step,strict,BDF,5,0.05,0.20368729271437466,3.459482215344906,379.65679812058806,0.1316661210947122,0.02734531459696128
1,58,discrete_step,strict,BDF,5,0.025,0.10184364635718733,4.594524256885052,379.65679812058806,0.13860135073848842,0.02734536572910501
1,58,traj_iteration,strict,BDF,10,2,8,6.533739876002073,379.65679812058806,0.08400014405633277,0.025578846788798768
1,58,traj_iteration,strict,BDF,10,1,8,6.533741943538189,379.65679812058806,0.08400014405633277,0.025578846788798768
1,58,traj_iteration,strict,BDF,10,0.5,9,7.243949305266142,379.65679812058806,0.08412717800039554,0.02554064262552772
1,58,discrete_step,strict,BDF,10,0.1,0.4073745854287493,1.3411772698163986,379.65679812058806,0.12671214744895345,0.027315809965506033
1,58,discrete_step,strict,BDF,10,0.05,0.20368729271437466,1.794650785624981,379.65679812058806,0.13471067081202498,0.027345356872215447
1,58,discrete_step,strict,BDF,10,0.025,0.10184364635718733,2.307892508804798,379.65679812058806,0.14088820128370758,0.02734536572939635
1,58,traj_iteration,strict,BDF,15,2,7,4.684363886713982,379.65679812058806,0.056226325535273514,0.01672544318075621
1,58,traj_iteration,strict,BDF,15,1,8,5.269684121012688,379.65679812058806,0.05622358025731091,0.016689512191449304
1,58,traj_iteration,strict,BDF,15,0.5,8,5.269686069339514,379.65679812058806,0.05622358025731091,0.016689512191449304
1,58,discrete_step,strict,BDF,15,0.1,0.4073745854287493,0.9856873713433743,379.65679812058806,0.12741900358045904,0.027331228148358165
1,58,discrete_step,strict,BDF,15,0.05,0.20368729271437466,1.2795159369707108,379.65679812058806,0.1354510025430831,0.02734536366362263
1,58,discrete_step,strict,BDF,15,0.025,0.10184364635718733,1.7436445392668247,379.65679812058806,0.14112789014256755,0.027345365729415396
2,78,traj_iteration,strict,RK45,5,2,4,6.267545334994793,74.76424755528569,0.030633360593495935,0.011263239770282199
2,78,traj_iteration,strict,RK45,5,1,9,13.664498791098595,74.76424755528569,0.014480519134346025,0.010686751411840632
2,78,traj_iteration,strict,RK45,5,0.5,10,14.89522173255682,74.76424755528569,0.014045890804018312,0.010686671970620829
2,78,discrete_step,strict,RK45,5,0.1,0.4029011754561203,1.7328357957303524,74.76424755528569,0.0527595624649487,0.013139979946502811
2,78,discrete_step,strict,RK45,5,0.05,0.20145058772806015,2.0057690888643265,74.76424755528569,0.05518466015864316,0.01358129333716658
2,78,discrete_step,strict,RK45,5,0.025,0.10072529386403008,3.0495216585695744,74.76424755528569,0.05810832659197012,0.014016738703232253
2,78,traj_iteration,strict,RK45,10,2,9,7.110358189791441,74.76424755528569,0.015376678882804307,0.008402095801388244
2,78,traj_iteration,strict,RK45,10,1,10,7.746491849422455,74.76424755528569,0.015194806140686891,0.008394710552587168
2,78,traj_iteration,strict,RK45,10,0.5,11,8.380558408796787,74.76424755528569,0.015151705797906149,0.008394298851572432
2,78,discrete_step,strict,RK45,10,0.1,0.4029011754561203,0.9041401855647564,74.76424755528569,0.05256286367995401,0.012704637817449242
2,78,discrete_step,strict,RK45,10,0.05,0.20145058772806015,1.0696811899542809,74.76424755528569,0.05547370709522939,0.01340926750962891
2,78,discrete_step,strict,RK45,10,0.025,0.10072529386403008,1.561517808586359,74.76424755528569,0.05839711923320585,0.013868052841930684
2,78,traj_iteration,strict,RK45,15,2,10,5.45289808511734,74.76424755528569,0.013273733747458149,0.011978421904172748
2,78,traj_iteration,strict,RK45,15,1,10,5.452900003641844,74.76424755528569,0.013273733747458149,0.011978421904172748
2,78,traj_iteration,strict,RK45,15,0.5,11,5.876127481460571,74.76424755528569,0.013239752422123146,0.011978421901685745
2,78,discrete_step,strict,RK45,15,0.1,0.4029011754561203,0.6075505539774895,74.76424755528569,0.05311428383577866,0.01370090811826851
2,78,discrete_step,strict,RK45,15,0.05,0.20145058772806015,0.8103685490787029,74.76424755528569,0.05626457965775434,0.014092183422472442
2,78,discrete_step,strict,RK45,15,0.025,0.10072529386403008,1.070960383862257,74.76424755528569,0.059042331051779036,0.014451430613939404
2,78,traj_iteration,strict,BDF,5,2,4,9.020313248038292,1453.8633862398565,0.030620392454310197,0.011275289416518426
2,78,traj_iteration,strict,BDF,5,1,9,19.16744703426957,1453.8633862398565,0.014466876704182527,0.01070080764410577
2,78,traj_iteration,strict,BDF,5,0.5,10,21.162561856210232,1453.8633862398565,0.014035649693181787,0.010700689511579991
2,78,discrete_step,strict,BDF,5,0.1,0.4029011754561203,4.150330111384392,1453.8633862398565,0.05275463673136543,0.01313771415113968
2,78,discrete_step,strict,BDF,5,0.05,0.20145058772806015,6.599784836173058,1453.8633862398565,0.0551792355215491,0.013577253350616948
2,78,discrete_step,strict,BDF,5,0.025,0.10072529386403008,8.870760932564735,1453.8633862398565,0.058104046606159136,0.014015328462558752
2,78,traj_iteration,strict,BDF,10,2,9,12.348984368145466,1453.8633862398565,0.015384104879403088,0.008404547203146146
2,78,traj_iteration,strict,BDF,10,1,10,13.669112019240856,1453.8633862398565,0.015201296487778565,0.008393000966800365
2,78,traj_iteration,strict,BDF,10,0.5,11,14.984908275306225,1453.8633862398565,0.01515684646604784,0.008390146138821986
2,78,discrete_step,strict,BDF,10,0.1,0.4029011754561203,2.219763904809952,1453.8633862398565,0.05255889568824487,0.012692056524294771
2,78,discrete_step,strict,BDF,10,0.05,0.20145058772806015,2.6725073531270027,1453.8633862398565,0.055471004552533947,0.013409410121414196
2,78,discrete_step,strict,BDF,10,0.025,0.10072529386403008,3.640094365924597,1453.8633862398565,0.05839403659120405,0.013864262357424002
2,78,traj_iteration,strict,BDF,15,2,10,9.414644479751587,1453.8633862398565,0.013282402283974176,0.011978743898924797
2,78,traj_iteration,strict,BDF,15,1,10,9.414646752178669,1453.8633862398565,0.013282402283974176,0.011978743898924797
2,78,traj_iteration,strict,BDF,15,0.5,11,10.330653946846724,1453.8633862398565,0.01324575750526874,0.011978743896479838
2,78,discrete_step,strict,BDF,15,0.1,0.4029011754561203,1.457068420946598,1453.8633862398565,0.0531108462995517,0.013697195552927468
2,78,discrete_step,strict,BDF,15,0.05,0.20145058772806015,1.868793100118637,1453.8633862398565,0.056260446582312086,0.01409284389068144
2,78,discrete_step,strict,BDF,15,0.025,0.10072529386403008,2.537591990083456,1453.8633862398565,0.05903927092735698,0.014451961161368999
3,88,traj_iteration,strict,RK45,5,2,4,8.168119765818119,91.45278765261173,0.027405099188519525,0.005553012178384407
3,88,traj_iteration,strict,RK45,5,1,8,16.143001798540354,91.45278765261173,0.013157216423402191,0.0054701404399581585
3,88,traj_iteration,strict,RK45,5,0.5,10,19.50117565691471,91.45278765261173,0.011145454445083768,0.005470138129963634
3,88,discrete_step,strict,RK45,5,0.1,0.3977294908222655,2.308180257678032,91.45278765261173,0.04418746989645918,0.008384021098254868
3,88,discrete_step,strict,RK45,5,0.05,0.19886474541113275,2.6196071952581406,91.45278765261173,0.046311859660394854,0.008617145336784548
3,88,discrete_step,strict,RK45,5,0.025,0.09943237270556637,3.880297962576151,91.45278765261173,0.04857521584546307,0.00936655933104485
3,88,traj_iteration,strict,RK45,10,2,9,9.587560020387173,91.45278765261173,0.011662569112348727,0.006066035395192796
3,88,traj_iteration,strict,RK45,10,1,11,11.331288546323776,91.45278765261173,0.011279334575976675,0.0060660353122046476
3,88,traj_iteration,strict,RK45,10,0.5,12,12.168009724467993,91.45278765261173,0.01127324881633283,0.006066035312123588
3,88,discrete_step,strict,RK45,10,0.1,0.3977294908222655,1.2200397476553917,91.45278765261173,0.04416854157140537,0.008941149738638429
3,88,discrete_step,strict,RK45,10,0.05,0.19886474541113275,1.4063146747648716,91.45278765261173,0.04650310902447691,0.009273158933105511
3,88,discrete_step,strict,RK45,10,0.025,0.09943237270556637,1.9978333562612534,91.45278765261173,0.04891882513591881,0.009839036827965135
3,88,traj_iteration,strict,RK45,15,2,10,7.301010496914387,91.45278765261173,0.010481607527865882,0.006100731553602668
3,88,traj_iteration,strict,RK45,15,1,11,7.894899796694517,91.45278765261173,0.010457606715564161,0.006100731553278393
3,88,traj_iteration,strict,RK45,15,0.5,12,8.479080710560083,91.45278765261173,0.01045238452046296,0.006100731553270151
3,88,discrete_step,strict,RK45,15,0.1,0.3977294908222655,0.8824334628880024,91.45278765261173,0.044063163100588665,0.008912090299205453
3,88,discrete_step,strict,RK45,15,0.05,0.19886474541113275,0.975403793156147,91.45278765261173,0.046531832979190564,0.009279739641069734
3,88,discrete_step,strict,RK45,15,0.025,0.09943237270556637,1.4221802093088627,91.45278765261173,0.04888505599962594,0.009836323275591911
3,88,traj_iteration,strict,BDF,5,2,4,11.164514690637589,1828.314600031823,0.027407669439838408,0.005556233671755245
3,88,traj_iteration,strict,BDF,5,1,8,21.44879635050893,1828.314600031823,0.013153663680540656,0.005479768050515999
3,88,traj_iteration,strict,BDF,5,0.5,10,26.429104655981064,1828.314600031823,0.011143715569922677,0.0054797648290165705
3,88,discrete_step,strict,BDF,5,0.1,0.3977294908222655,5.472308918833733,1828.314600031823,0.044186422262475315,0.008380665085727693
3,88,discrete_step,strict,BDF,5,0.05,0.19886474541113275,6.744964335113764,1828.314600031823,0.04631020401790605,0.008624830703847954
3,88,discrete_step,strict,BDF,5,0.025,0.09943237270556637,9.397734180092812,1828.314600031823,0.048572431601144425,0.009362477512088487
3,88,traj_iteration,strict,BDF,10,2,9,14.849134895950556,1828.314600031823,0.01165751089072326,0.006065671493078115
3,88,traj_iteration,strict,BDF,10,1,11,17.998897437006235,1828.314600031823,0.01127843541286678,0.006065671413259385
3,88,traj_iteration,strict,BDF,10,0.5,12,19.5635355822742,1828.314600031823,0.011272057968495747,0.006065671413168528
3,88,discrete_step,strict,BDF,10,0.1,0.3977294908222655,2.8469142615795135,1828.314600031823,0.04416590994504156,0.008947898861782788
3,88,discrete_step,strict,BDF,10,0.05,0.19886474541113275,3.3404810577630997,1828.314600031823,0.04650044776151681,0.009267228227041766
3,88,discrete_step,strict,BDF,10,0.025,0.09943237270556637,4.541427697986364,1828.314600031823,0.04891502720405985,0.009831787413338816
3,88,traj_iteration,strict,BDF,15,2,10,12.941322814673185,1828.314600031823,0.010494855531986038,0.006086247785373257
3,88,traj_iteration,strict,BDF,15,1,11,14.200434420257807,1828.314600031823,0.010469425202049892,0.006086247784613215
3,88,traj_iteration,strict,BDF,15,0.5,12,15.501442696899176,1828.314600031823,0.010463881415902964,0.006086247784600681
3,88,discrete_step,strict,BDF,15,0.1,0.3977294908222655,2.109710417687893,1828.314600031823,0.0440611738997981,0.008917739030716701
3,88,discrete_step,strict,BDF,15,0.05,0.19886474541113275,2.403034280985594,1828.314600031823,0.046529770026019567,0.009281009357395975
3,88,discrete_step,strict,BDF,15,0.025,0.09943237270556637,3.296392686665058,1828.314600031823,0.048881955551966255,0.0098334589938033
4,76,traj_iteration,strict,RK45,5,2,5,7.066739559173584,59.35674573481083,0.02376111394331983,0.007977901197033736
4,76,traj_iteration,strict,RK45,5,1,9,12.193440314382315,59.35674573481083,0.012700592194828459,0.008043782922497822
4,76,traj_iteration,strict,RK45,5,0.5,10,13.304108150303364,59.35674573481083,0.012222688569491776,0.008043785439425931
4,76,discrete_step,strict,RK45,5,0.1,0.39990044625747934,1.7212809808552265,59.35674573481083,0.04716144726415407,0.010348687580910227
4,76,discrete_step,strict,RK45,5,0.05,0.19995022312873967,1.870557188987732,59.35674573481083,0.05006758046887927,0.010922832906483507
4,76,discrete_step,strict,RK45,5,0.025,0.09997511156436983,2.8162278570234776,59.35674573481083,0.052952331039812076,0.011849849833431063
4,76,traj_iteration,strict,RK45,10,2,8,6.267345175147057,59.35674573481083,0.013606560897561307,0.008493099219490529
4,76,traj_iteration,strict,RK45,10,1,9,6.911183632910252,59.35674573481083,0.012890636398694574,0.008493097818680517
4,76,traj_iteration,strict,RK45,10,0.5,11,8.135214187204838,59.35674573481083,0.012583934635004039,0.008493097742303654
4,76,discrete_step,strict,RK45,10,0.1,0.39990044625747934,0.9562379978597164,59.35674573481083,0.04777513916962274,0.01175263436401853
4,76,discrete_step,strict,RK45,10,0.05,0.19995022312873967,1.0620477795600891,59.35674573481083,0.05086050205395542,0.012195763787234151
4,76,discrete_step,strict,RK45,10,0.025,0.09997511156436983,1.554460246115923,59.35674573481083,0.05366992283869285,0.01294920928918813
4,76,traj_iteration,strict,RK45,15,2,9,4.580353260040283,59.35674573481083,0.015088711801102779,0.007959740935811822
4,76,traj_iteration,strict,RK45,15,1,10,4.994555603712797,59.35674573481083,0.015052472945963943,0.007959740912127275
4,76,traj_iteration,strict,RK45,15,0.5,11,5.417739901691675,59.35674573481083,0.015052221848528703,0.007959740911355716
4,76,discrete_step,strict,RK45,15,0.1,0.39990044625747934,0.6412629596889019,59.35674573481083,0.04795661206140735,0.011086473973449024
4,76,discrete_step,strict,RK45,15,0.05,0.19995022312873967,0.7506983503699303,59.35674573481083,0.05114888488523458,0.011705758318702995
4,76,discrete_step,strict,RK45,15,0.025,0.09997511156436983,1.226165845990181,59.35674573481083,0.05386154911982864,0.012372956596698256
4,76,traj_iteration,strict,BDF,5,2,5,11.29859273135662,999.5444925501943,0.023765731276779674,0.007944002069135467
4,76,traj_iteration,strict,BDF,5,1,9,19.25090517476201,999.5444925501943,0.012694351598823058,0.008009152875592644
4,76,traj_iteration,strict,BDF,5,0.5,10,21.19953117892146,999.5444925501943,0.012223717416050606,0.008009157034855628
4,76,discrete_step,strict,BDF,5,0.1,0.39990044625747934,4.102865990251303,999.5444925501943,0.047158901053948064,0.010361275213209169
4,76,discrete_step,strict,BDF,5,0.05,0.19995022312873967,4.963777031749487,999.5444925501943,0.05006606302567475,0.010907497838033568
4,76,discrete_step,strict,BDF,5,0.025,0.09997511156436983,7.014550473541021,999.5444925501943,0.05295016153803406,0.011848125175098095
4,76,traj_iteration,strict,BDF,10,2,8,12.069690268486738,999.5444925501943,0.013600253649381609,0.008440903454852823
4,76,traj_iteration,strict,BDF,10,1,9,13.373168744146824,999.5444925501943,0.012889841123472797,0.008440901105495594
4,76,traj_iteration,strict,BDF,10,0.5,11,16.377616077661514,999.5444925501943,0.012586953050927238,0.008440901001105672
4,76,discrete_step,strict,BDF,10,0.1,0.39990044625747934,2.278328310698271,999.5444925501943,0.04777337617567544,0.01175252905973359
4,76,discrete_step,strict,BDF,10,0.05,0.19995022312873967,2.7201338596642017,999.5444925501943,0.05085830308642192,0.01219560438315671
4,76,discrete_step,strict,BDF,10,0.025,0.09997511156436983,4.0008516646921635,999.5444925501943,0.05366768775103936,0.012940546579506357
4,76,traj_iteration,strict,BDF,15,2,9,8.571305401623249,999.5444925501943,0.015088677486294671,0.00795723760033183
4,76,traj_iteration,strict,BDF,15,1,10,9.481375567615032,999.5444925501943,0.0150507709877363,0.007957237572191371
4,76,traj_iteration,strict,BDF,15,0.5,11,10.402700778096914,999.5444925501943,0.015049688354887184,0.007957237571270603
4,76,discrete_step,strict,BDF,15,0.1,0.39990044625747934,1.5378089062869549,999.5444925501943,0.04795491637853095,0.011089106757046222
4,76,discrete_step,strict,BDF,15,0.05,0.19995022312873967,1.761090636253357,999.5444925501943,0.05114648125233967,0.011702418013264158
4,76,discrete_step,strict,BDF,15,0.025,0.09997511156436983,2.498560354113579,999.5444925501943,0.05385879238530328,0.01237596184110198
5,88,traj_iteration,strict,RK45,5,2,5,10.243410654366016,96.23512912914157,0.02224606240309604,0.006822334019147904
5,88,traj_iteration,strict,RK45,5,1,9,17.90492917969823,96.23512912914157,0.011742803516978578,0.00679106054006047
5,88,traj_iteration,strict,RK45,5,0.5,11,21.154578864574432,96.23512912914157,0.010888707144772853,0.006791060097993374
5,88,discrete_step,strict,RK45,5,0.1,0.4005546919040114,2.1662260331213474,96.23512912914157,0.04455078111021773,0.009982200819531538
5,88,discrete_step,strict,RK45,5,0.05,0.2002773459520057,2.552194159477949,96.23512912914157,0.04641845474586015,0.010096971449738774
5,88,discrete_step,strict,RK45,5,0.025,0.10013867297600285,3.7351129464805126,96.23512912914157,0.048721533306042994,0.010757923432376469
5,88,traj_iteration,strict,RK45,10,2,9,9.426136802881956,96.23512912914157,0.011532543326625871,0.007221181209819014
5,88,traj_iteration,strict,RK45,10,1,11,11.141772642731667,96.23512912914157,0.011208827294638115,0.007221181194314929
5,88,traj_iteration,strict,RK45,10,0.5,12,11.961529720574617,96.23512912914157,0.011192102972872781,0.007221181194303411
5,88,discrete_step,strict,RK45,10,0.1,0.4005546919040114,1.1366149373352528,96.23512912914157,0.044521601609897314,0.009729357228742063
5,88,discrete_step,strict,RK45,10,0.05,0.2002773459520057,1.3344636596739292,96.23512912914157,0.04683172945421608,0.00997574380574549
5,88,discrete_step,strict,RK45,10,0.025,0.10013867297600285,1.917958751320839,96.23512912914157,0.04915715509229253,0.010638058556940803
5,88,traj_iteration,strict,RK45,15,2,10,8.254629395902157,96.23512912914157,0.011014473897126044,0.007249731296300331
5,88,traj_iteration,strict,RK45,15,1,11,9.053731560707092,96.23512912914157,0.010985159046839284,0.007249731296405274
5,88,traj_iteration,strict,RK45,15,0.5,12,9.731392066925764,96.23512912914157,0.010978803368526831,0.007249731296407909
5,88,discrete_step,strict,RK45,15,0.1,0.4005546919040114,0.8951546363532543,96.23512912914157,0.04454346751120228,0.009687546869344666
5,88,discrete_step,strict,RK45,15,0.05,0.2002773459520057,0.946357324719429,96.23512912914157,0.04700827572969238,0.009988571295463457
5,88,discrete_step,strict,RK45,15,0.025,0.10013867297600285,1.3918288312852383,96.23512912914157,0.04933615134066702,0.010674654321446767
5,88,traj_iteration,strict,BDF,5,2,5,14.144725129008293,1659.45460132882,0.022243296640729823,0.006793638840707141
5,88,traj_iteration,strict,BDF,5,1,9,24.660252451896667,1659.45460132882,0.011734260809242001,0.006771549478098715
5,88,traj_iteration,strict,BDF,5,0.5,11,29.7692183367908,1659.45460132882,0.010886712888368403,0.006771548513506286
5,88,discrete_step,strict,BDF,5,0.1,0.4005546919040114,5.230883423238993,1659.45460132882,0.04454888856322245,0.009986592983414958
5,88,discrete_step,strict,BDF,5,0.05,0.2002773459520057,6.531113721430302,1659.45460132882,0.046415549995492404,0.01010275970187283
5,88,discrete_step,strict,BDF,5,0.025,0.10013867297600285,9.271519757807255,1659.45460132882,0.0487190356618528,0.01075749925825517
5,88,traj_iteration,strict,BDF,10,2,9,15.167278081178665,1659.45460132882,0.011536044607165721,0.007207588068264643
5,88,traj_iteration,strict,BDF,10,1,11,18.35256950184703,1659.45460132882,0.011214349386060696,0.007207588046312272
5,88,traj_iteration,strict,BDF,10,0.5,12,19.960896160453558,1659.45460132882,0.011197348139036795,0.0072075880463025295
5,88,discrete_step,strict,BDF,10,0.1,0.4005546919040114,2.6704962253570557,1659.45460132882,0.044518247332444444,0.009715542287906984
5,88,discrete_step,strict,BDF,10,0.05,0.2002773459520057,3.267506130039692,1659.45460132882,0.046829244139140434,0.009968995087170782
5,88,discrete_step,strict,BDF,10,0.025,0.10013867297600285,4.561628822237253,1659.45460132882,0.04915506385232483,0.010637292526941303
5,88,traj_iteration,strict,BDF,15,2,10,12.727489061653614,1659.45460132882,0.011031008773940754,0.007252496388307374
5,88,traj_iteration,strict,BDF,15,1,11,13.999886203557253,1659.45460132882,0.011000079222581192,0.0072524963880955945
5,88,traj_iteration,strict,BDF,15,0.5,12,15.24969981610775,1659.45460132882,0.010993150372684881,0.007252496388093301
5,88,discrete_step,strict,BDF,15,0.1,0.4005546919040114,1.9152037389576435,1659.45460132882,0.044542084043593125,0.0097026225073549
5,88,discrete_step,strict,BDF,15,0.05,0.2002773459520057,2.329143900424242,1659.45460132882,0.04700659703011334,0.00997774881469432
5,88,discrete_step,strict,BDF,15,0.025,0.10013867297600285,3.206319645047188,1659.45460132882,0.049333798290287695,0.010674289162423726
6,83,traj_iteration,strict,RK45,5,2,5,8.940320149064064,84.09372855350375,0.02126162563894982,0.009554455543561019
6,83,traj_iteration,strict,RK45,5,1,7,12.465608678758144,84.09372855350375,0.013752427138420713,0.009610708075002057
6,83,traj_iteration,strict,RK45,5,0.5,10,16.95463353022933,84.09372855350375,0.009485228638639513,0.009611238784596224
6,83,discrete_step,strict,RK45,5,0.1,0.39570961534978993,2.1250552982091904,84.09372855350375,0.043010291366353766,0.008948384789285046
6,83,discrete_step,strict,RK45,5,0.05,0.19785480767489497,2.2815485186874866,84.09372855350375,0.045301550710078395,0.008980947240798056
6,83,discrete_step,strict,RK45,5,0.025,0.09892740383744748,3.4523684196174145,84.09372855350375,0.04756713542614058,0.009912623843944712
6,83,traj_iteration,strict,RK45,10,2,9,8.022425040602684,84.09372855350375,0.010407637230745502,0.008765476112884328
6,83,traj_iteration,strict,RK45,10,1,10,8.731352735310793,84.09372855350375,0.010106802795513216,0.008765476500689973
6,83,traj_iteration,strict,RK45,10,0.5,11,9.429430656135082,84.09372855350375,0.010010184872869496,0.00876547651653222
6,83,discrete_step,strict,RK45,10,0.1,0.39570961534978993,1.0411353781819344,84.09372855350375,0.04286381052765743,0.008405643029479805
6,83,discrete_step,strict,RK45,10,0.05,0.19785480767489497,1.1608145758509636,84.09372855350375,0.04542758873179323,0.008796342853794907
6,83,discrete_step,strict,RK45,10,0.025,0.09892740383744748,1.677316639572382,84.09372855350375,0.04771579949378335,0.009537506903338874
6,83,traj_iteration,strict,RK45,15,2,9,6.919563736766577,84.09372855350375,0.008736095013454025,0.005876451622178373
6,83,traj_iteration,strict,RK45,15,1,10,7.4739727936685085,84.09372855350375,0.008524124435144487,0.0058764516159912706
6,83,traj_iteration,strict,RK45,15,0.5,11,8.130184266716242,84.09372855350375,0.008461892213893357,0.005876451615857237
6,83,discrete_step,strict,RK45,15,0.1,0.39570961534978993,0.972169641405344,84.09372855350375,0.043660701494381116,0.008885258768644837
6,83,discrete_step,strict,RK45,15,0.05,0.19785480767489497,0.930924154818058,84.09372855350375,0.0462487563423805,0.009187408184316813
6,83,discrete_step,strict,RK45,15,0.025,0.09892740383744748,1.6807556562125683,84.09372855350375,0.04844388595397007,0.00996887278985394
6,83,traj_iteration,strict,BDF,5,2,5,12.302565813064575,1434.6769314818084,0.021250855415097317,0.009573018650022308
6,83,traj_iteration,strict,BDF,5,1,7,16.744243018329144,1434.6769314818084,0.013738124089865255,0.009628468259453323
6,83,traj_iteration,strict,BDF,5,0.5,10,23.39541220664978,1434.6769314818084,0.009474365994537312,0.009628997016216835
6,83,discrete_step,strict,BDF,5,0.1,0.39570961534978993,4.942800402641296,1434.6769314818084,0.04300839040455844,0.008921887585236099
6,83,discrete_step,strict,BDF,5,0.05,0.19785480767489497,5.979913700371981,1434.6769314818084,0.04529897092780589,0.008981796823489917
6,83,discrete_step,strict,BDF,5,0.025,0.09892740383744748,8.348957542330027,1434.6769314818084,0.047565037663664544,0.009911306050869316
6,83,traj_iteration,strict,BDF,10,2,9,12.470929622650146,1434.6769314818084,0.010409609768190853,0.008705014847591354
6,83,traj_iteration,strict,BDF,10,1,10,13.803101759403944,1434.6769314818084,0.010108564796724168,0.008705015335069278
6,83,traj_iteration,strict,BDF,10,0.5,11,15.11856697872281,1434.6769314818084,0.010009624832376586,0.008705015355294889
6,83,discrete_step,strict,BDF,10,0.1,0.39570961534978993,2.4281949028372765,1434.6769314818084,0.042862174634505076,0.008394722867093904
6,83,discrete_step,strict,BDF,10,0.05,0.19785480767489497,2.83501710742712,1434.6769314818084,0.04542519450167471,0.008798047080948859
6,83,discrete_step,strict,BDF,10,0.025,0.09892740383744748,3.87583364546299,1434.6769314818084,0.04771444746889054,0.009544014693798746
6,83,traj_iteration,strict,BDF,15,2,9,9.614866606891155,1434.6769314818084,0.008687428448715836,0.0058420416468439726
6,83,traj_iteration,strict,BDF,15,1,10,10.61383618786931,1434.6769314818084,0.008480090962744935,0.005842041640698568
6,83,traj_iteration,strict,BDF,15,0.5,11,11.606841810047626,1434.6769314818084,0.00841889738838938,0.00584204164055
6,83,discrete_step,strict,BDF,15,0.1,0.39570961534978993,1.9122885204851627,1434.6769314818084,0.043659811346057,0.008888767059972083
6,83,discrete_step,strict,BDF,15,0.05,0.19785480767489497,2.2116932831704617,1434.6769314818084,0.04624724163459796,0.009197021330960266
6,83,discrete_step,strict,BDF,15,0.025,0.09892740383744748,3.0930677838623524,1434.6769314818084,0.04844213806879982,0.009966005544732943
7,83,traj_iteration,strict,RK45,5,2,4,7.1094851195812225,92.06608556210995,0.027113829248643546,0.007791928870995294
7,83,traj_iteration,strict,RK45,5,1,6,10.901222702115774,92.06608556210995,0.017559468488601127,0.007697510910015445
7,83,traj_iteration,strict,RK45,5,0.5,10,17.271875463426113,92.06608556210995,0.010018739788061917,0.007696953576856478
7,83,discrete_step,strict,RK45,5,0.1,0.40172366999604975,1.9177340418100357,92.06608556210995,0.04354773814275544,0.01112926515233016
7,83,discrete_step,strict,RK45,5,0.05,0.20086183499802487,2.2462074905633926,92.06608556210995,0.04598143295017565,0.010985889448662476
7,83,discrete_step,strict,RK45,5,0.025,0.10043091749901244,3.3929588608443737,92.06608556210995,0.04820742774853319,0.011719011084020908
7,83,traj_iteration,strict,RK45,10,2,9,7.8767258152365685,92.06608556210995,0.009680115430371613,0.004883330300442009
7,83,traj_iteration,strict,RK45,10,1,10,8.585564494132996,92.06608556210995,0.00941725676928341,0.004883331060765409
7,83,traj_iteration,strict,RK45,10,0.5,11,9.271027222275734,92.06608556210995,0.009342489816633198,0.004883331093443977
7,83,discrete_step,strict,RK45,10,0.1,0.40172366999604975,0.9643347784876823,92.06608556210995,0.04342859223427846,0.00877603545926674
7,83,discrete_step,strict,RK45,10,0.05,0.20086183499802487,1.1372361183166504,92.06608556210995,0.04605470857450591,0.009358369029355142
7,83,discrete_step,strict,RK45,10,0.025,0.10043091749901244,1.6483286209404469,92.06608556210995,0.048380361535053915,0.010238889551458599
7,83,traj_iteration,strict,RK45,15,2,9,6.622262608259916,92.06608556210995,0.007813244177916252,0.0039704893613824125
7,83,traj_iteration,strict,RK45,15,1,10,7.200931239873171,92.06608556210995,0.0076334930831791215,0.003970488857735463
7,83,traj_iteration,strict,RK45,15,0.5,11,7.777280576527119,92.06608556210995,0.0075748784517883794,0.003970488833905441
7,83,discrete_step,strict,RK45,15,0.1,0.40172366999604975,1.0120317712426186,92.06608556210995,0.043266217621886705,0.009119582393958773
7,83,discrete_step,strict,RK45,15,0.05,0.20086183499802487,0.9982022531330585,92.06608556210995,0.04617585753505629,0.009778361377729184
7,83,discrete_step,strict,RK45,15,0.025,0.10043091749901244,1.5453544594347477,92.06608556210995,0.048525165794823404,0.010686324787869215
7,83,traj_iteration,strict,BDF,5,2,4,9.7948595918715,1434.045203153044,0.027107851979104664,0.007818059468793357
7,83,traj_iteration,strict,BDF,5,1,6,14.14156836271286,1434.045203153044,0.01755064170243818,0.007738254618201191
7,83,traj_iteration,strict,BDF,5,0.5,10,22.590290032327175,1434.045203153044,0.010005278243285728,0.0077376403667382705
7,83,discrete_step,strict,BDF,5,0.1,0.40172366999604975,4.618487127125263,1434.045203153044,0.04354755277102354,0.01113174817904386
7,83,discrete_step,strict,BDF,5,0.05,0.20086183499802487,5.795121807605028,1434.045203153044,0.045981094480202,0.010989315597209197
7,83,discrete_step,strict,BDF,5,0.025,0.10043091749901244,8.113011371344328,1434.045203153044,0.04820451338941268,0.01171939000596769
7,83,traj_iteration,strict,BDF,10,2,9,12.60736932605505,1434.045203153044,0.009689145598926825,0.004885049422873459
7,83,traj_iteration,strict,BDF,10,1,10,13.926341529935598,1434.045203153044,0.009428793732295557,0.004885050167026916
7,83,traj_iteration,strict,BDF,10,0.5,11,15.237519316375256,1434.045203153044,0.009355008908362323,0.004885050199815324
7,83,discrete_step,strict,BDF,10,0.1,0.40172366999604975,2.2401872128248215,1434.045203153044,0.04342647749020354,0.00877808621195381
7,83,discrete_step,strict,BDF,10,0.05,0.20086183499802487,2.79102498665452,1434.045203153044,0.0460507595964348,0.009359393825969627
7,83,discrete_step,strict,BDF,10,0.025,0.10043091749901244,3.7965111508965492,1434.045203153044,0.048377929710360174,0.010238743216509428
7,83,traj_iteration,strict,BDF,15,2,9,9.732102017849684,1434.045203153044,0.007823852224276213,0.003952955243157628
7,83,traj_iteration,strict,BDF,15,1,10,10.74074874445796,1434.045203153044,0.007647547062160383,0.003952954805212994
7,83,traj_iteration,strict,BDF,15,0.5,11,11.752228878438473,1434.045203153044,0.007589113815150152,0.003952954785535517
7,83,discrete_step,strict,BDF,15,0.1,0.40172366999604975,1.8163549564778805,1434.045203153044,0.043263981878052145,0.009110254176149154
7,83,discrete_step,strict,BDF,15,0.05,0.20086183499802487,2.235378075391054,1434.045203153044,0.04617384390122886,0.009789325701781476
7,83,discrete_step,strict,BDF,15,0.025,0.10043091749901244,3.114146325737238,1434.045203153044,0.048521689943867026,0.010687514101702234
8,55,traj_iteration,strict,RK45,5,2,8,4.803014535456896,29.51573659852147,0.02878438588376166,0.0157939353090147
8,55,traj_iteration,strict,RK45,5,1,9,5.301298640668392,29.51573659852147,0.028403282604154985,0.0160553877840803
8,55,traj_iteration,strict,RK45,5,0.5,10,5.802680794149637,29.51573659852147,0.028314149564582114,0.016126816033841734
8,55,discrete_step,strict,RK45,5,0.1,0.39494864945812297,0.9443046450614929,29.51573659852147,0.08826984960735919,0.03084375953810433
8,55,discrete_step,strict,RK45,5,0.05,0.19747432472906148,1.1022068969905376,29.51573659852147,0.09477397861445534,0.030871896236731484
8,55,discrete_step,strict,RK45,5,0.025,0.09873716236453074,1.5703168027102947,29.51573659852147,0.10041310480676588,0.030871908869448034
8,55,traj_iteration,strict,RK45,10,2,8,2.874026268720627,29.51573659852147,0.035357400521963886,0.01449173980354845
8,55,traj_iteration,strict,RK45,10,1,9,3.1801558807492256,29.51573659852147,0.03531356919687549,0.014492863873918784
8,55,traj_iteration,strict,RK45,10,0.5,9,3.180157747119665,29.51573659852147,0.03531356919687549,0.014492863873918784
8,55,discrete_step,strict,RK45,10,0.1,0.39494864945812297,0.5428210236132145,29.51573659852147,0.08946235179615084,0.030856278125013754
8,55,discrete_step,strict,RK45,10,0.05,0.19747432472906148,0.6352888345718384,29.51573659852147,0.09615784723076747,0.03087190507146888
8,55,discrete_step,strict,RK45,10,0.025,0.09873716236453074,0.9439318776130676,29.51573659852147,0.10144806925888508,0.030871908869542178
8,55,traj_iteration,strict,RK45,15,2,8,1.965302087366581,29.51573659852147,0.04529627314982608,0.029237089242113535
8,55,traj_iteration,strict,RK45,15,1,8,1.9653042554855347,29.51573659852147,0.04529627314982608,0.029237089242113535
8,55,traj_iteration,strict,RK45,15,0.5,9,2.187515489757061,29.51573659852147,0.04527585451437479,0.029452212297283183
8,55,discrete_step,strict,RK45,15,0.1,0.39494864945812297,0.38713734596967697,29.51573659852147,0.08888432082542656,0.030867635822152073
8,55,discrete_step,strict,RK45,15,0.05,0.19747432472906148,0.4554706886410713,29.51573659852147,0.09573628058382593,0.030871908211777897
8,55,discrete_step,strict,RK45,15,0.025,0.09873716236453074,0.6656140610575676,29.51573659852147,0.10082014258963796,0.03087190886956968
8,55,traj_iteration,strict,BDF,5,2,8,11.168260361999273,328.1243356950581,0.02880576358008922,0.015780992368518428
8,55,traj_iteration,strict,BDF,5,1,9,12.251337893307209,328.1243356950581,0.028417183776284646,0.016061635241369013
8,55,traj_iteration,strict,BDF,5,0.5,10,13.580565124750137,328.1243356950581,0.028327102148298984,0.016135892724402977
8,55,discrete_step,strict,BDF,5,0.1,0.39494864945812297,2.3879440166056156,328.1243356950581,0.08826198688965063,0.03084069919403723
8,55,discrete_step,strict,BDF,5,0.05,0.19747432472906148,3.301119465380907,328.1243356950581,0.09476536785215753,0.030868838171486335
8,55,discrete_step,strict,BDF,5,0.025,0.09873716236453074,4.32916121929884,328.1243356950581,0.10040546362028181,0.030868850704467456
8,55,traj_iteration,strict,BDF,10,2,8,7.083060447126627,328.1243356950581,0.03527154442678586,0.014523743641193354
8,55,traj_iteration,strict,BDF,10,1,9,7.838578429073095,328.1243356950581,0.03523371474163224,0.014524996705937388
8,55,traj_iteration,strict,BDF,10,0.5,9,7.8385804407298565,328.1243356950581,0.03523371474163224,0.014524996705937388
8,55,discrete_step,strict,BDF,10,0.1,0.39494864945812297,1.40982361510396,328.1243356950581,0.08945594957653251,0.030853221770084212
8,55,discrete_step,strict,BDF,10,0.05,0.19747432472906148,1.7023601979017258,328.1243356950581,0.09615110847711514,0.030868847062658588
8,55,discrete_step,strict,BDF,10,0.025,0.09873716236453074,2.319550096988678,328.1243356950581,0.10144091019244411,0.030868850704646303
8,55,traj_iteration,strict,BDF,15,2,8,4.993953686207533,328.1243356950581,0.045277513294955794,0.029200521341740865
8,55,traj_iteration,strict,BDF,15,1,8,4.993955787271261,328.1243356950581,0.045277513294955794,0.029200521341740865
8,55,traj_iteration,strict,BDF,15,0.5,9,5.556144692003727,328.1243356950581,0.04525717300660624,0.029419596917183665
8,55,discrete_step,strict,BDF,15,0.1,0.39494864945812297,0.9847459085285664,328.1243356950581,0.08887890514261394,0.03086457583627491
8,55,discrete_step,strict,BDF,15,0.05,0.19747432472906148,1.2119773551821709,328.1243356950581,0.09573005599877875,0.030868850148119607
8,55,discrete_step,strict,BDF,15,0.025,0.09873716236453074,1.6908976137638092,328.1243356950581,0.10081147421085208,0.030868850704706664
9,91,traj_iteration,strict,RK45,5,2,4,8.548112221062183,106.36166518554091,0.026069913866029866,0.007348613444301671
9,91,traj_iteration,strict,RK45,5,1,9,18.666202519088984,106.36166518554091,0.011758265797815878,0.0073350333946066385
9,91,traj_iteration,strict,RK45,5,0.5,11,22.052294746041298,106.36166518554091,0.01101450804354837,0.007335033393190034
9,91,discrete_step,strict,RK45,5,0.1,0.4003976901983543,2.24807508289814,106.36166518554091,0.04015860140634453,0.00915486539169176
9,91,discrete_step,strict,RK45,5,0.05,0.20019884509917715,2.6096108444035053,106.36166518554091,0.042135174337275955,0.008964180271822289
9,91,discrete_step,strict,RK45,5,0.025,0.10009942254958858,3.879577275365591,106.36166518554091,0.04398097014963595,0.009542831602936945
9,91,traj_iteration,strict,RK45,10,2,9,9.880070835351944,106.36166518554091,0.00964921762658861,0.005806658588787339
9,91,traj_iteration,strict,RK45,10,1,10,10.789759904146194,106.36166518554091,0.009308436702539858,0.005806658536706711
9,91,traj_iteration,strict,RK45,10,0.5,11,11.661791823804379,106.36166518554091,0.00918958379562012,0.005806658535063147
9,91,discrete_step,strict,RK45,10,0.1,0.4003976901983543,1.1780744455754757,106.36166518554091,0.03978824832316492,0.009004628201976053
9,91,discrete_step,strict,RK45,10,0.05,0.20019884509917715,1.3740666881203651,106.36166518554091,0.04194557696648321,0.009048102880815556
9,91,discrete_step,strict,RK45,10,0.025,0.10009942254958858,1.993817038834095,106.36166518554091,0.04394437846056789,0.009661916523550815
9,91,traj_iteration,strict,RK45,15,2,10,8.936126753687859,106.36166518554091,0.009484612792274638,0.0068496377309153695
9,91,traj_iteration,strict,RK45,15,1,11,9.67983764782548,106.36166518554091,0.009432900361939472,0.006849637730971342
9,91,traj_iteration,strict,RK45,15,0.5,12,10.486594256013632,106.36166518554091,0.00941544485821876,0.006849637730972278
9,91,discrete_step,strict,RK45,15,0.1,0.4003976901983543,0.9849676415324211,106.36166518554091,0.04016680317871809,0.008946393598509728
9,91,discrete_step,strict,RK45,15,0.05,0.20019884509917715,0.9920478090643883,106.36166518554091,0.04252042541655429,0.00906442353933486
9,91,discrete_step,strict,RK45,15,0.025,0.10009942254958858,1.7097552232444286,106.36166518554091,0.04441661534576394,0.009677942910677832
9,91,traj_iteration,strict,BDF,5,2,4,11.605020564049482,2086.8219129517674,0.026054849470390624,0.007332241113807431
9,91,traj_iteration,strict,BDF,5,1,9,25.624528545886278,2086.8219129517674,0.011741318595449192,0.007309004254443608
9,91,traj_iteration,strict,BDF,5,0.5,11,30.688829880207777,2086.8219129517674,0.011008979274928752,0.007309004249996042
9,91,discrete_step,strict,BDF,5,0.1,0.4003976901983543,5.347643952816725,2086.8219129517674,0.04015666270701836,0.009160324487336875
9,91,discrete_step,strict,BDF,5,0.05,0.20019884509917715,6.689041946083307,2086.8219129517674,0.04213322025329969,0.008964256354806983
9,91,discrete_step,strict,BDF,5,0.025,0.10009942254958858,9.56614775955677,2086.8219129517674,0.043978392118901595,0.009541151144257446
9,91,traj_iteration,strict,BDF,10,2,9,15.021124377846718,2086.8219129517674,0.009633672340415301,0.005810658475419231
9,91,traj_iteration,strict,BDF,10,1,10,16.598115753382444,2086.8219129517674,0.009295631847578693,0.005810658417978868
9,91,traj_iteration,strict,BDF,10,0.5,11,18.18310458213091,2086.8219129517674,0.009176970043397686,0.005810658416102271
9,91,discrete_step,strict,BDF,10,0.1,0.4003976901983543,2.7140986248850822,2086.8219129517674,0.039785775838007215,0.009000218562082468
9,91,discrete_step,strict,BDF,10,0.05,0.20019884509917715,3.3591914735734463,2086.8219129517674,0.041943737296663924,0.009047949942394773
9,91,discrete_step,strict,BDF,10,0.025,0.10009942254958858,4.581773564219475,2086.8219129517674,0.043942481001378215,0.009663939490753554
9,91,traj_iteration,strict,BDF,15,2,10,12.334860153496265,2086.8219129517674,0.009495933853944852,0.006846302614818064
9,91,traj_iteration,strict,BDF,15,1,11,13.533258996903896,2086.8219129517674,0.009443589092318669,0.006846302614881703
9,91,traj_iteration,strict,BDF,15,0.5,12,14.730162307620049,2086.8219129517674,0.009424925951758133,0.006846302614884511
9,91,discrete_step,strict,BDF,15,0.1,0.4003976901983543,2.1476292051374912,2086.8219129517674,0.04016579692326761,0.008957124231119835
9,91,discrete_step,strict,BDF,15,0.05,0.20019884509917715,2.808410931378603,2086.8219129517674,0.042519484090863945,0.009064764004682483
9,91,discrete_step,strict,BDF,15,0.025,0.10009942254958858,4.052571054548025,2086.8219129517674,0.044414819030299736,0.009679835170617481
10,52,traj_iteration,strict,RK45,5,2,8,4.084456764161587,23.88249684125185,0.024340622773581906,0.012282586832866265
10,52,traj_iteration,strict,RK45,5,1,9,4.53640578687191,23.88249684125185,0.024359326144509523,0.012246553262094199
10,52,traj_iteration,strict,RK45,5,0.5,10,4.974444471299648,23.88249684125185,0.024397970523859433,0.012235657548248085
10,52,discrete_step,strict,RK45,5,0.1,0.39940971410578013,0.9052048660814762,23.88249684125185,0.08509153994815893,0.020751315762793727
10,52,discrete_step,strict,RK45,5,0.05,0.19970485705289007,1.2776662446558475,23.88249684125185,0.09205599200890094,0.02253979691923722
10,52,discrete_step,strict,RK45,5,0.025,0.09985242852644503,1.8133278079330921,23.88249684125185,0.09770081705604187,0.023667029460553338
10,52,traj_iteration,strict,RK45,10,2,8,2.193616136908531,23.88249684125185,0.02615122325085907,0.012421226431811401
10,52,traj_iteration,strict,RK45,10,1,9,2.4357457011938095,23.88249684125185,0.026203413898426387,0.012406313394743436
10,52,traj_iteration,strict,RK45,10,0.5,9,2.4357475340366364,23.88249684125185,0.026203413898426387,0.012406313394743436
10,52,discrete_step,strict,RK45,10,0.1,0.39940971410578013,0.4318259619176388,23.88249684125185,0.08604326849259447,0.020046876746227977
10,52,discrete_step,strict,RK45,10,0.05,0.19970485705289007,0.5122964531183243,23.88249684125185,0.09319282032537642,0.021688280562525895
10,52,discrete_step,strict,RK45,10,0.025,0.09985242852644503,0.7394171431660652,23.88249684125185,0.09849593384206536,0.022611698845264566
10,52,traj_iteration,strict,RK45,15,2,8,1.4372355937957764,23.88249684125185,0.018194906604032772,0.007965224745773544
10,52,traj_iteration,strict,RK45,15,1,8,1.4372375570237637,23.88249684125185,0.018194906604032772,0.007965224745773544
10,52,traj_iteration,strict,RK45,15,0.5,9,1.6081463024020195,23.88249684125185,0.01815161679854233,0.007965327070519536
10,52,discrete_step,strict,RK45,15,0.1,0.39940971410578013,0.29426685720682144,23.88249684125185,0.08758699383210156,0.021530533228598304
10,52,discrete_step,strict,RK45,15,0.05,0.19970485705289007,0.3430710695683956,23.88249684125185,0.09458298909167016,0.02295252234733444
10,52,discrete_step,strict,RK45,15,0.025,0.09985242852644503,0.5147382840514183,23.88249684125185,0.09938093668897925,0.023687571029878507
10,52,traj_iteration,strict,BDF,5,2,8,8.160526975989342,239.3710058890283,0.024363530321606444,0.012301864139703139
10,52,traj_iteration,strict,BDF,5,1,9,9.02529801800847,239.3710058890283,0.02436851143776685,0.012248690965614798
10,52,traj_iteration,strict,BDF,5,0.5,10,9.920873265713453,239.3710058890283,0.024415162194995777,0.01223474317786675
10,52,discrete_step,strict,BDF,5,0.1,0.39940971410578013,2.148370638489723,239.3710058890283,0.08509003527673749,0.020753313750571968
10,52,discrete_step,strict,BDF,5,0.05,0.19970485705289007,2.594797782599926,239.3710058890283,0.09205090736533457,0.022539836976146792
10,52,discrete_step,strict,BDF,5,0.025,0.09985242852644503,3.4844504185020924,239.3710058890283,0.09769583525089766,0.02366852868152834
10,52,traj_iteration,strict,BDF,10,2,8,5.914337508380413,239.3710058890283,0.026136054557026868,0.012435221453111581
10,52,traj_iteration,strict,BDF,10,1,9,6.68990071117878,239.3710058890283,0.02618932548689247,0.01242396892278268
10,52,traj_iteration,strict,BDF,10,0.5,9,6.689903303980827,239.3710058890283,0.02618932548689247,0.01242396892278268
10,52,discrete_step,strict,BDF,10,0.1,0.39940971410578013,1.2977111227810383,239.3710058890283,0.08603744017893195,0.020045414063524565
10,52,discrete_step,strict,BDF,10,0.05,0.19970485705289007,1.6097178868949413,239.3710058890283,0.09318721417299194,0.021686794533386816
10,52,discrete_step,strict,BDF,10,0.025,0.09985242852644503,2.08106629550457,239.3710058890283,0.09849110933097231,0.02260708153330691
10,52,traj_iteration,strict,BDF,15,2,8,3.9084658287465572,239.3710058890283,0.018090003386968624,0.007979216108649382
10,52,traj_iteration,strict,BDF,15,1,8,3.9084680788218975,239.3710058890283,0.018090003386968624,0.007979216108649382
10,52,traj_iteration,strict,BDF,15,0.5,9,4.389664903283119,239.3710058890283,0.018047404076392007,0.007978447864212234
10,52,discrete_step,strict,BDF,15,0.1,0.39940971410578013,0.7606921307742596,239.3710058890283,0.08758304299226007,0.021523824539187247
10,52,discrete_step,strict,BDF,15,0.05,0.19970485705289007,0.9630280807614326,239.3710058890283,0.09458147932094223,0.022947232538381466
10,52,discrete_step,strict,BDF,15,0.025,0.09985242852644503,1.2987847663462162,239.3710058890283,0.09937938690778528,0.02369051868462339
11,98,traj_iteration,strict,RK45,5,2,5,13.495429258793592,110.12599228322506,0.023039140568683975,0.006864150456746558
11,98,traj_iteration,strict,RK45,5,1,9,23.547361724078655,110.12599228322506,0.011645815634471271,0.0068626630511040955
11,98,traj_iteration,strict,RK45,5,0.5,11,27.96959751471877,110.12599228322506,0.010255510343674609,0.006862663043292584
11,98,discrete_step,strict,RK45,5,0.1,0.4006577767765377,2.7213237062096596,110.12599228322506,0.04557561361158735,0.00816276044704793
11,98,discrete_step,strict,RK45,5,0.05,0.20032888838826884,3.2317708618938923,110.12599228322506,0.04706219995678322,0.008424396105433555
11,98,discrete_step,strict,RK45,5,0.025,0.10016444419413442,4.600126598030329,110.12599228322506,0.0493004902575703,0.009098070410426887
11,98,traj_iteration,strict,RK45,10,2,9,12.749736037105322,110.12599228322506,0.012831249175152281,0.006839344902144312
11,98,traj_iteration,strict,RK45,10,1,11,15.072718553245068,110.12599228322506,0.011975903726623237,0.006839344900192767
11,98,traj_iteration,strict,RK45,10,0.5,12,16.15926492959261,110.12599228322506,0.011895378049014927,0.006839344900191937
11,98,discrete_step,strict,RK45,10,0.1,0.4006577767765377,1.4346064440906048,110.12599228322506,0.0459829886016898,0.009085999637138499
11,98,discrete_step,strict,RK45,10,0.05,0.20032888838826884,1.6838432811200619,110.12599228322506,0.047695182870175774,0.009315023495553628
11,98,discrete_step,strict,RK45,10,0.025,0.10016444419413442,2.346066653728485,110.12599228322506,0.04987941623070839,0.009812923106581349
11,98,traj_iteration,strict,RK45,15,2,10,11.310357086360455,110.12599228322506,0.011835671777652877,0.0071252260958816005
11,98,traj_iteration,strict,RK45,15,1,11,12.162621792405844,110.12599228322506,0.011690159478936552,0.007125226093755617
11,98,traj_iteration,strict,RK45,15,0.5,12,13.216949086636305,110.12599228322506,0.011648204856056884,0.007125226093692175
11,98,discrete_step,strict,RK45,15,0.1,0.4006577767765377,1.163854692131281,110.12599228322506,0.04629112959079383,0.009274600538995887
11,98,discrete_step,strict,RK45,15,0.05,0.20032888838826884,1.2340795807540417,110.12599228322506,0.04816502586922052,0.009481194245119279
11,98,discrete_step,strict,RK45,15,0.025,0.10016444419413442,1.9182441234588623,110.12599228322506,0.050305366228768036,0.009911440836134999
11,98,traj_iteration,strict,BDF,5,2,5,17.98376076668501,3116.7484704740345,0.023008218545428987,0.00688040565786401
11,98,traj_iteration,strict,BDF,5,1,9,31.365132056176662,3116.7484704740345,0.01160690418061877,0.0068775369696931895
11,98,traj_iteration,strict,BDF,5,0.5,11,37.6532763838768,3116.7484704740345,0.010225650125104969,0.006877536959033047
11,98,discrete_step,strict,BDF,5,0.1,0.4006577767765377,6.248484790325165,3116.7484704740345,0.04557378622739703,0.008159760100812888
11,98,discrete_step,strict,BDF,5,0.05,0.20032888838826884,9.759886920452118,3116.7484704740345,0.04705962426616903,0.008424905716319469
11,98,discrete_step,strict,BDF,5,0.025,0.10016444419413442,12.890260353684425,3116.7484704740345,0.04929667868468376,0.009101669105079455
11,98,traj_iteration,strict,BDF,10,2,9,18.890696085989475,3116.7484704740345,0.01285275718373371,0.006848634650350596
11,98,traj_iteration,strict,BDF,10,1,11,22.776803866028786,3116.7484704740345,0.012004730449157642,0.006848634647652594
11,98,traj_iteration,strict,BDF,10,0.5,12,24.71851985529065,3116.7484704740345,0.011924269947175794,0.006848634647651423
11,98,discrete_step,strict,BDF,10,0.1,0.4006577767765377,3.196075014770031,3116.7484704740345,0.045983225529454184,0.009088875241161502
11,98,discrete_step,strict,BDF,10,0.05,0.20032888838826884,4.04801069945097,3116.7484704740345,0.04769476405806506,0.009309637408685493
11,98,discrete_step,strict,BDF,10,0.025,0.10016444419413442,5.506138641387224,3116.7484704740345,0.0498767088562095,0.009813230239397652
11,98,traj_iteration,strict,BDF,15,2,10,16.071244306862354,3116.7484704740345,0.011861304991056117,0.007119119911429279
11,98,traj_iteration,strict,BDF,15,1,11,17.621782135218382,3116.7484704740345,0.011714538813772777,0.007119119909308548
11,98,traj_iteration,strict,BDF,15,0.5,12,19.174239367246628,3116.7484704740345,0.01167161348078391,0.007119119909243279
11,98,discrete_step,strict,BDF,15,0.1,0.4006577767765377,2.41133601218462,3116.7484704740345,0.04628977765552216,0.009277457713111203
11,98,discrete_step,strict,BDF,15,0.05,0.20032888838826884,2.970193073153496,3116.7484704740345,0.04816281083494109,0.00948526158732718
11,98,discrete_step,strict,BDF,15,0.025,0.10016444419413442,4.031983431428671,3116.7484704740345,0.05030415574237712,0.009914742323663947
